Action,Component Name,Parent Object,Type,Included By,Owned By
Remove,FQS_Guided_Gift_Entry,Account,Action,User Selected,
,FQS_Pledge_Payment,Gift Commitment,Action,FQS_GiftCommitment_Record_Page,
,FQS_Refund_Donor_Gift,Account,Action,FQS_Account_Record_Page,
,FQS_Refund_Gift,Gift Transaction,Action,FQS_GiftTransaction_Record_Page,
,FQS_Setup_Commitment,Opportunity,Action,FQS_Opportunity_Record_Page,
,Hierarchy_Metrics,Campaign,Action,FQS_Campaign_Record_Page,
Remove,Moves_Management_65c3e74a_90d4_11f1_9ffa_750d1a89e526,,Action Plan Template,User Selected,
Remove,Stewardship_38e8d861_90da_11f1_b64a_f1bc2df97554,,Action Plan Template,User Selected,
,FQS_CampaignHierarchyBuilder,,Apex Class,FQS_Custom_Fields | FQS_CampaignHierarchyBuilder_Test | FQS_Campaign_Hierarchy_Setup,
Remove,FQS_CampaignHierarchyBuilder_Test,,Apex Class,User Selected,
,FQS_CustomMetadataSaver,,Apex Class,FQS_Custom_Fields | FQS_CustomMetadataSaver_Test | FQS_Setup_Tier_Thresholds | FQS_Setup_Stewardship_Response_Settings,
Remove,FQS_CustomMetadataSaver_Test,,Apex Class,User Selected,
Remove,FQS_Console,,App,User Selected,
,FQS Grant Process,Opportunity,Business Process,Grant,
,FQS_Major_Gift_Process,Opportunity,Business Process,Major Gift,
,GoogleMaps,Account,Button or Link,FQS Account Layout | FQS Person Account Layout,
,GoogleNews,Account,Button or Link,FQS Account Layout | FQS Person Account Layout,
,GoogleSearch,Account,Button or Link,FQS Account Layout | FQS Person Account Layout,
,HooversProfile,Account,Button or Link,FQS Account Layout | FQS Person Account Layout,
,ViewAllCampaignMembers,Campaign,Button or Link,FQS Campaign Layout,
,ViewCampaignInfluenceReport,Campaign,Button or Link,FQS Campaign Layout,
Remove,FQS Gift Acknowledgement,,Classic Email Template,User Selected,
Remove,FQS Gift Acknowledgement (Partial Deduction),,Classic Email Template,User Selected,
Remove,FQS Stewardship Response (Standard),,Classic Email Template,User Selected,
,FQS Templates,,Classic Email Template Folder,FQS Gift Acknowledgement (Partial Deduction) | FQS Gift Acknowledgement | FQS Stewardship Response (Standard),
,FQS_Campaign_Compact_Layout,Campaign,Compact Layout,Fundraising,
,"Amount (Formatted)",Gift Transaction,Custom Field,FQS Gift Acknowledgement (Partial Deduction) | FQS Gift Acknowledgement | FQS_Custom_Fields | FQS Stewardship Response (Standard),
,Annual Donor Tier,Donor Gift Summary,Custom Field,Current Year Givers | FQS_Custom_Fields | Donor Gift Summary.Is Mid Annual Donor | Donor Gift Summary Deluxe | Donor Gift Summary.Is Major Annual Donor | Donor Gift Summary.Is Entry Annual Donor | FQS_Account_Record_Page,
,Annual Donor Tier Name,Donor Gift Summary,Custom Field,Current Year Givers | FQS_Custom_Fields | Donor Gift Summary Deluxe | FQS Major Annual Donors This Year | FQS_DonorGiftSummary_Record_Page | FQS_Account_Record_Page,
,Annual Minimum Amount,FQS Donor Tier,Custom Field,FQS Donor Tier | FQS_CustomMetadataSaver_Test | Donor Gift Summary.Annual Donor Tier Name | Donor Gift Summary.Annual Donor Tier | FQS_Setup_Tier_Thresholds,
,Applicable Models,FQS Campaign Template,Custom Field,FQS Campaign Template | FQS_CampaignHierarchyBuilder_Test | FQS_CampaignHierarchyBuilder | FQS_Campaign_Hierarchy_Setup,
,Auto Stewardship,FQS Donor Tier,Custom Field,FQS Donor Tier | FQS_CustomMetadataSaver_Test | FQS_Setup_Stewardship_Response_Settings | FQS_Stewardship_Response,
Remove,Campaign Category,Campaign,Custom Field,User Selected,
Remove,Channel Segment,Outreach Source Code,Custom Field,User Selected,
,Child Campaign Count,Campaign,Custom Field,FQS_Custom_Fields | Gift Transactions Deluxe | Campaign Deluxe | FQS_Campaign_Child_Count_Update | FQS_Campaign_Child_Count_Delete,
,Create First Outreach Source Code,Campaign,Custom Field,FQS_Custom_Fields | FQS_CampaignHierarchyBuilder | FQS_Campaign_Create_First_OSC,
,Credit Type,FQS Donor Tier,Custom Field,FQS Donor Tier | Donor Gift Summary.Lifetime Donor Tier Name | Donor Gift Summary.Lifetime Donor Tier | Donor Gift Summary.Annual Donor Tier Name | Donor Gift Summary.Annual Donor Tier | FQS_Setup_Tier_Thresholds,
,Date Rule,FQS Campaign Template,Custom Field,FQS Campaign Template | FQS_CampaignHierarchyBuilder,
,Default In Model,FQS Campaign Template,Custom Field,FQS Campaign Template | FQS_CampaignHierarchyBuilder_Test | FQS_CampaignHierarchyBuilder | FQS_Campaign_Hierarchy_Setup,
,Display Label,FQS Campaign Template,Custom Field,FQS Campaign Template | FQS_Campaign_Hierarchy_Setup,
,Donor Tax Date,Gift Transaction,Custom Field,FQS_Custom_Fields | Campaign Deluxe | FQS_Guided_Gift_Entry_Account | FQS_GiftTransaction_Record_Page,
,Donor Tax Date,Gift Entry,Custom Field,FQS_Custom_Fields,
,Donor Tier,FQS Donor Tier,Custom Field,FQS Donor Tier | Donor Gift Summary.Lifetime Donor Tier Name | FQS_CustomMetadataSaver_Test | Donor Gift Summary.Annual Donor Tier Name | FQS_Setup_Tier_Thresholds,
,Enable Automatic Campaign Members,Campaign,Custom Field,FQS_Custom_Fields | FQS_CampaignHierarchyBuilder | FQS_Campaign_Member_Status_On_Commitment_Delete | FQS_Campaign_Member_Status_On_Commitment | FQS_Campaign_Member_Status_On_Gift_Transaction_Delete | FQS_Campaign_Member_Status_On_Gift_Transaction | FQS_Campaign_Auto_Members_Default | FQS_Campaign_Hierarchy_Setup,
,External ID,Gift Commitment,Custom Field,FQS_Custom_Fields | Gift Transactions Deluxe,
,External ID,Gift Tribute,Custom Field,FQS_Custom_Fields,
,External ID,Account,Custom Field,FQS_Custom_Fields | Gift Transactions Deluxe | Donor Gift Summary Deluxe | FQS_Account_External_Id_Match | FQS_Account_Record_Page,
,External ID,Opportunity,Custom Field,FQS_Custom_Fields,
,External ID,Gift Designation,Custom Field,FQS_Custom_Fields,
,External ID,Gift Commitment Schedule,Custom Field,FQS_Custom_Fields,
,External ID,Gift Transaction Designation,Custom Field,FQS_Custom_Fields,
,External ID,Campaign,Custom Field,FQS_Custom_Fields | Gift Transactions Deluxe | Campaign Deluxe,
,External ID,Payment Instrument,Custom Field,FQS_Custom_Fields,
,External ID,Outreach Source Code,Custom Field,FQS_Custom_Fields | Gift Transactions Deluxe | FQS_Campaign_Create_First_OSC,
,External ID,Gift Refund,Custom Field,FQS_Custom_Fields | FQS_Refund_Gift_From_Donor | FQS_Refund_Gift,
,External ID,Gift Soft Credit,Custom Field,FQS_Custom_Fields,
,External ID,Gift Transaction,Custom Field,FQS_Custom_Fields | Gift Transactions Deluxe | Campaign Deluxe,
,External Id,Donor Gift Summary,Custom Field,FQS_Custom_Fields,
,Fair Market Value Amount,Gift Transaction,Custom Field,FQS_Custom_Fields | Gift Transactions Deluxe | Campaign Deluxe | FQS_Guided_Gift_Entry_Account | FQS_GiftTransaction_Record_Page,
,Fair Market Value Amount,Gift Entry,Custom Field,FQS_Custom_Fields,
,Function Group,FQS Campaign Template,Custom Field,FQS Campaign Template | FQS_CampaignHierarchyBuilder,
,GC Match Eligible,Gift Entry,Custom Field,FQS_Custom_Fields,
,Gift Commitment Category,Gift Commitment,Custom Field,Gift Commitments Deluxe | Pledged Gifts | Lapsed Recurring — No Gift 60d | Grant Payouts | FQS_Custom_Fields | Gift Transactions Deluxe | Gift Commitment.Summary | FQS_Guided_Gift_Entry_Account | FQS_Guided_Gift_Entry_Subflow_Employer_Match | FQS_Auto_Category_Gift_Transaction | FQS_Auto_Name_Gift_Commitment | FQS_GiftCommitment_Record_Page | FQS_Account_Record_Page,
,Gift Transaction Category,Gift Transaction,Custom Field,Gift Designation Deluxe | Campaign Deluxe | Grant Payments | Outright Gifts | FQS_Custom_Fields | Gift Transactions Deluxe | Pledge Payments | FQS Stewardship Pipeline | FQS_Refund_Gift_From_Donor | FQS_Stewardship_Response | FQS_Gift_Acknowledgement | FQS_Guided_Gift_Entry_Account | FQS_Guided_Gift_Entry_Subflow_Employer_Match | FQS_Auto_Category_Gift_Transaction | FQS_Auto_Name_Gift_Transaction | FQS_GiftTransactionDesignation_Record_Page | FQS_GiftTransaction_Record_Page | FQS_Account_Record_Page,
,Gift Transaction Category,Gift Entry,Custom Field,FQS_Custom_Fields,
Remove,Grant Deadline,Opportunity,Custom Field,User Selected,
Remove,Grant Report Due,Opportunity,Custom Field,User Selected,
,Hierarchy Depth,Campaign,Custom Field,Campaign Deluxe | FQS_Custom_Fields | Gift Transactions Deluxe | FQS_CampaignHierarchyBuilder | FQS Campaign Performance By Depth | FQS_Campaign_Member_Status_Ladder | FQS_Campaign_Create_First_OSC | FQS_Campaign_Member_Status_On_Commitment_Delete | FQS_Campaign_Member_Status_On_Commitment | FQS_Campaign_Member_Status_On_Gift_Transaction_Delete | FQS_Campaign_Member_Status_On_Gift_Transaction | FQS_Campaign_Auto_Members_Default | FQS_Campaign_Hierarchy_Setup | FQS_Campaign_Record_Page,
,In-Kind,Gift Transaction,Custom Field,FQS_Custom_Fields | Gift Transactions Deluxe | Campaign Deluxe | FQS_Guided_Gift_Entry_Account | FQS_Guided_Gift_Entry_Subflow_Employer_Match | FQS_Auto_Name_Gift_Transaction | FQS_GiftTransaction_Record_Page,
,Is Entry Annual Donor,Donor Gift Summary,Custom Field,FQS_Custom_Fields | Donor Gift Summary Deluxe | FQS_DonorGiftSummary_Record_Page,
,Is Entry Commitment,Gift Commitment,Custom Field,FQS_Custom_Fields | Gift Transactions Deluxe | Gift Commitments Deluxe | FQS_GiftCommitment_Record_Page,
,Is Entry Gift,Gift Transaction,Custom Field,FQS_Custom_Fields | Gift Transactions Deluxe | Campaign Deluxe | FQS_GiftTransaction_Record_Page,
,Is Entry Lifetime Donor,Donor Gift Summary,Custom Field,FQS_Custom_Fields | Donor Gift Summary Deluxe | FQS_DonorGiftSummary_Record_Page,
,Is Major Annual Donor,Donor Gift Summary,Custom Field,FQS_Custom_Fields | Donor Gift Summary Deluxe | FQS Major Annual Donors This Year | FQS Mid to Major Upgrade Pipeline | FQS_DonorGiftSummary_Record_Page,
,Is Major Commitment,Gift Commitment,Custom Field,FQS_Custom_Fields | Gift Transactions Deluxe | Gift Commitments Deluxe | FQS Major Commitments Active | FQS_GiftCommitment_Record_Page,
,Is Major Gift,Gift Transaction,Custom Field,FQS_Custom_Fields | Gift Transactions Deluxe | Campaign Deluxe | FQS_Stewardship_Response | FQS Major Gifts This Year | FQS_GiftTransaction_Record_Page,
,Is Major Lifetime Donor,Donor Gift Summary,Custom Field,Major Donors | FQS_Custom_Fields | Donor Gift Summary Deluxe | FQS_Stewardship_Response | FQS Major Lifetime Donors | FQS_DonorGiftSummary_Record_Page,
,Is Match Intermediary,Account,Custom Field,FQS_Custom_Fields | Gift Transactions Deluxe | Donor Gift Summary Deluxe | FQS_Account_Record_Page,
,Is Mid Annual Donor,Donor Gift Summary,Custom Field,FQS_Custom_Fields | Donor Gift Summary Deluxe | FQS Mid to Major Upgrade Pipeline | FQS_DonorGiftSummary_Record_Page,
,Is Mid Commitment,Gift Commitment,Custom Field,FQS_Custom_Fields | Gift Transactions Deluxe | Gift Commitments Deluxe | FQS_GiftCommitment_Record_Page,
,Is Mid Gift,Gift Transaction,Custom Field,FQS_Custom_Fields | Gift Transactions Deluxe | Campaign Deluxe | FQS_Stewardship_Response | FQS_GiftTransaction_Record_Page,
,Is Mid Lifetime Donor,Donor Gift Summary,Custom Field,FQS_Custom_Fields | Donor Gift Summary Deluxe | FQS_DonorGiftSummary_Record_Page,
,Legacy First Gift Date,Donor Gift Summary,Custom Field,FQS_Custom_Fields,
,Legacy Gift Count,Donor Gift Summary,Custom Field,FQS_Custom_Fields,
,Legacy Soft Credit Total,Donor Gift Summary,Custom Field,FQS_Custom_Fields | Donor Gift Summary.Lifetime Donor Tier Name | Donor Gift Summary.Lifetime Donor Tier,
,Legacy Total Gifts Amount,Donor Gift Summary,Custom Field,FQS_Custom_Fields | Donor Gift Summary.Lifetime Donor Tier Name | Donor Gift Summary.Lifetime Donor Tier,
,Level,FQS Campaign Template,Custom Field,FQS Campaign Template | FQS_CampaignHierarchyBuilder_Test | FQS_CampaignHierarchyBuilder | FQS_Campaign_Hierarchy_Setup,
,Lifetime Donor Tier,Donor Gift Summary,Custom Field,Major Donors | FQS_Custom_Fields | Donor Gift Summary Deluxe | Donor Gift Summary.Is Mid Lifetime Donor | Donor Gift Summary.Is Major Lifetime Donor | Donor Gift Summary.Is Entry Lifetime Donor | FQS_Account_Record_Page,
,Lifetime Donor Tier Name,Donor Gift Summary,Custom Field,Major Donors | FQS_Custom_Fields | Donor Gift Summary Deluxe | Recurring Donors | FQS_Stewardship_Response | FQS Major Lifetime Donors | FQS_DonorGiftSummary_Record_Page | FQS_Account_Record_Page,
,Lifetime Minimum Amount,FQS Donor Tier,Custom Field,FQS Donor Tier | Gift Commitment.Is Entry Commitment | Gift Commitment.Is Major Commitment | Donor Gift Summary.Lifetime Donor Tier Name | FQS_CustomMetadataSaver_Test | Donor Gift Summary.Lifetime Donor Tier | Gift Transaction.Is Major Gift | Gift Transaction.Is Mid Gift | Gift Commitment.Is Mid Commitment | Gift Transaction.Is Entry Gift | FQS_Setup_Tier_Thresholds,
,Match Annual Individual Maximum,Account,Custom Field,FQS_Custom_Fields | Gift Transactions Deluxe | Donor Gift Summary Deluxe | FQS_Guided_Gift_Entry_Subflow_Employer_Match | FQS_Account_Record_Page,
,Match Eligible,Gift Commitment,Custom Field,FQS_Custom_Fields | FQS_Guided_Gift_Entry_Account | FQS_Guided_Gift_Entry_Subflow_Employer_Match | FQS_GiftCommitment_Record_Page,
,Match Ratio,Account,Custom Field,FQS_Custom_Fields | Gift Transactions Deluxe | Donor Gift Summary Deluxe | FQS_Guided_Gift_Entry_Subflow_Employer_Match | FQS_Account_Record_Page,
,Match Status,Gift Entry,Custom Field,FQS_Custom_Fields,
,Match Status,Gift Transaction,Custom Field,FQS_Custom_Fields | FQS_Guided_Gift_Entry_Subflow_Employer_Match | FQS_GiftTransaction_Record_Page,
,Matching Gift Program,Account,Custom Field,FQS_Custom_Fields | Gift Transactions Deluxe | Donor Gift Summary Deluxe | FQS_Account_Record_Page,
,Message Channel Segment,Outreach Source Code,Custom Field,FQS_Custom_Fields | Gift Transactions Deluxe | FQS Campaign Layout | FQS_OutreachSourceCode_Record_Page,
,Notes,FQS Campaign Template,Custom Field,FQS Campaign Template,
,One-Time Minimum Amount,FQS Donor Tier,Custom Field,FQS Donor Tier | FQS_CustomMetadataSaver_Test | Gift Transaction.Is Major Gift | Gift Transaction.Is Mid Gift | Gift Transaction.Is Entry Gift | FQS_Setup_Tier_Thresholds,
,Parent Template Key,FQS Campaign Template,Custom Field,FQS Campaign Template | FQS_CampaignHierarchyBuilder_Test | FQS_CampaignHierarchyBuilder | FQS_Campaign_Hierarchy_Setup,
,Parent Type,Gift Default Soft Credit,Custom Field,Opportunity Defaults | Gift Commitment Defaults | FQS_Custom_Fields | FQS_GiftDefaultSoftCredit_Record_Page,
,Parent Type,Gift Default Designation,Custom Field,FQS_Custom_Fields | FQS_GiftDefaultDesignation_Record_Page | FQS_GiftCommitment_Record_Page | FQS_GiftDesignation_Record_Page,
,Platform,Outreach Source Code,Custom Field,FQS_Custom_Fields | Gift Transactions Deluxe | FQS_Campaign_Create_First_OSC | FQS_OutreachSourceCode_Record_Page | FQS_Campaign_Record_Page,
,Restriction Release Date,Gift Commitment,Custom Field,FQS_Custom_Fields | FQS_Recalculate_GC_FulfillmentType | FQS_GC_Fulfillment_On_Change | FQS_GiftCommitment_Record_Page,
,Restriction Release Date,Gift Transaction,Custom Field,FQS_Custom_Fields | Campaign Deluxe | FQS_Guided_Gift_Entry_Account | FQS_GiftTransaction_Record_Page,
,Restriction Release Date (GC),Gift Entry,Custom Field,FQS_Custom_Fields,
,Restriction Release Date (GT),Gift Entry,Custom Field,FQS_Custom_Fields,
,Restriction Type,Gift Designation,Custom Field,Inactive Designations | FQS_Custom_Fields | Gift Transaction Designation.Restriction Type | Active Designations | Gift Default Designation.Restriction Type | Gift Designation Deluxe | FQS_Suggest_Designations | FQS_Guided_Gift_Entry_Subflow_Campaign_Designation_Resolver | FQS_GiftTransactionDesignation_Record_Page | FQS_GiftDesignation_Record_Page,
,Restriction Type,Gift Transaction Designation,Custom Field,FQS_Custom_Fields | Gift Designation Deluxe | FQS_GiftTransaction_Record_Page,
,Restriction Type,Gift Default Designation,Custom Field,FQS_Custom_Fields | FQS_Recalculate_GC_FulfillmentType | FQS_GiftDefaultDesignation_Record_Page | FQS_GiftCommitment_Record_Page,
,Short Name,Campaign,Custom Field,FQS_Custom_Fields | Gift Transactions Deluxe | FQS_CampaignHierarchyBuilder | Campaign Deluxe | FQS_Campaign_Compact_Layout | FQS_OutreachSourceCode_Record_Page,
,Skip FQS Auto Naming,Gift Commitment,Custom Field,FQS_Naming_Opt_Out | FQS_Custom_Fields | FQS_Auto_Name_Gift_Commitment | FQS_GiftCommitment_Record_Page,
,Skip FQS Auto Naming,Gift Transaction,Custom Field,FQS_Naming_Opt_Out | FQS_Custom_Fields | Campaign Deluxe | FQS_Auto_Name_Gift_Transaction | FQS_GiftTransaction_Record_Page,
,Skip FQS Auto Naming,Opportunity,Custom Field,FQS_Naming_Opt_Out | FQS_Custom_Fields | FQS_Auto_Name_Opportunity,
,Skip FQS Auto Naming (GC),Gift Entry,Custom Field,FQS_Custom_Fields,
,Skip FQS Auto Naming (GT),Gift Entry,Custom Field,FQS_Custom_Fields,
Remove,Solicitation Date,Opportunity,Custom Field,User Selected,
,Sort Order,FQS Campaign Template,Custom Field,FQS Campaign Template | FQS_CampaignHierarchyBuilder_Test | FQS_CampaignHierarchyBuilder | FQS_Campaign_Hierarchy_Setup,
,Sort Order,FQS Donor Tier,Custom Field,FQS Donor Tier | FQS_CustomMetadataSaver_Test,
,Stewardship Date,Gift Transaction,Custom Field,FQS_Custom_Fields | Gift Transactions Deluxe | Campaign Deluxe | FQS_Stewardship_Response | FQS_GiftTransaction_Record_Page,
,Stewardship Date,Gift Entry,Custom Field,FQS_Custom_Fields,
,Stewardship Status,Gift Transaction,Custom Field,FQS_Custom_Fields | Gift Transactions Deluxe | To Be Stewarded | Campaign Deluxe | FQS_Stewardship_Response | FQS Stewardship Pipeline | FQS_GiftTransaction_Record_Page,
,Stewardship Status,Gift Entry,Custom Field,FQS_Custom_Fields,
,Suggested Name,FQS Campaign Template,Custom Field,FQS Campaign Template | FQS_CampaignHierarchyBuilder | FQS_Campaign_Hierarchy_Setup,
,Summary,Gift Commitment,Custom Field,FQS_Custom_Fields | FQS_GiftCommitment_Record_Page,
,Tax Deduction Amount (Formatted),Gift Transaction,Custom Field,FQS Gift Acknowledgement (Partial Deduction) | FQS_Custom_Fields,
,Tax Receipt Date,Gift Transaction,Custom Field,FQS_Custom_Fields | Campaign Deluxe | FQS_GiftTransaction_Record_Page,
,Tax Receipt Date,Gift Entry,Custom Field,FQS_Custom_Fields,
,Template Key,FQS Campaign Template,Custom Field,FQS Campaign Template | FQS_CampaignHierarchyBuilder_Test | FQS_CampaignHierarchyBuilder | FQS_Campaign_Hierarchy_Setup,
,Tier Key,FQS Donor Tier,Custom Field,FQS Donor Tier | FQS_Setup_Tier_Thresholds | FQS_Setup_Stewardship_Response_Settings | FQS_Stewardship_Response,
,Transaction Date (Long Form),Gift Transaction,Custom Field,FQS Gift Acknowledgement (Partial Deduction) | FQS Gift Acknowledgement | FQS_Custom_Fields,
,Ultimate Parent Campaign,Campaign,Custom Field,FQS_Custom_Fields | Gift Transactions Deluxe | FQS_CampaignHierarchyBuilder | Campaign Deluxe | FQS_Campaign_Hierarchy_Setup,
,FQS Campaign Template,,Custom Metadata Type,Sol_Sustainer_Recruitment | Sol_Yearend_Dm | Str_Annual_Celebration | Evt_Celebration_Invite | Str_Foundation_Giving | Acq_Digital_Ads | Sol_Monthly_Sustainer_Lp | Acq_P2p_Drive | Sol_Portfolio_Solicitation | Acq_Peer_Referral | Sol_Spring_Dm | Acq_Welcome_Series | Sol_Spring_Email | Sol_Mid_Level_Letter | Sol_Mid_Level_Site_Visit | Prg_Annual_Giving | Prg_Events | Prg_Foundation_Giving | Prg_Major_Gifts | Fnd_Family_Proposals | Pg_Bequest_Society | Pg_Estate_Webinar | Pg_Legacy_Outreach | Fnd_Community_Proposal | Str_Retention_Stewardship | FQS_CampaignHierarchyBuilder_Test | Fnd_Corporate_Proposal | Str_Spring_Appeal | Fnd_Corporate_Sponsorship | Str_Year_Cohort | FQS_CampaignHierarchyBuilder | Fnd_Daf_Outreach | Str_Year_End_Push | Evt_Celebration_Savedate | Str_Lapsed_Reactivation | Evt_Celebration_Sponsor | Str_Mid_Level_Cultivation | Evt_Donor_Reception | Str_Monthly_Sustainer | Evt_Open_House | Str_New_Donor_Acquisition | Prg_Online_Giving | Sol_Dec_Reminder_Sms | Sol_Discovery_Visits | Sol_Giving_Tuesday | Ret_Lapsed_Last_Chance | Ret_Lapsed_Phone | Ret_Lapsed_Winback | Ret_Second_Gift | Prg_Planned_Giving | Ret_Anniversary_Notes | Ret_Impact_Report | FQS_Campaign_Hierarchy_Setup,
,FQS Donor Tier,,Custom Metadata Type,Mid | Major | Gift Commitment.Is Entry Commitment | Gift Commitment.Is Major Commitment | Donor Gift Summary.Lifetime Donor Tier Name | Donor Gift Summary.Lifetime Donor Tier | Donor Gift Summary.Annual Donor Tier Name | Donor Gift Summary.Annual Donor Tier | FQS_CustomMetadataSaver_Test | Gift Transaction.Is Major Gift | Gift Transaction.Is Mid Gift | Gift Commitment.Is Mid Commitment | Gift Transaction.Is Entry Gift | FQS_Setup_Tier_Thresholds | FQS_Setup_Stewardship_Response_Settings | FQS_Stewardship_Response,
,Vlocity Scheduled Job,,Custom Object,FQS_Stewardship_Response | FQS_Gift_Acknowledgement,OmniStudio
Remove,FQS_Bypass_Automation,,Custom Permission,User Selected,
Remove,FQS_Skip_Record_Naming,,Custom Permission,User Selected,
,Campaign Deluxe,,Custom Report Type,Campaign Record Page Report – Level 2 | Campaign Record Page Report – Level 3+ | Campaign Record Page Report – Level 1,
,Donor Gift Summary Deluxe,,Custom Report Type,FQS Major Lifetime Donors | FQS Mid to Major Upgrade Pipeline | FQS Major Annual Donors This Year,
,Gift Commitments Deluxe,,Custom Report Type,FQS Major Commitments Active,
,Gift Designation Deluxe,,Custom Report Type,Designation Record Page Report,
,Gift Transactions Deluxe,,Custom Report Type,FQS Major Gifts This Year | FQS Stewardship Pipeline | FQS Campaign Performance By Depth,
,FQS Donor Tiers,,Dashboard,FQS_Home_Page_Default,
,FQS Dashboards,,Dashboard Folder,FQS Donor Tiers,
Remove,FQS_Account_Organization_Dupe,Account,Duplicate Rule,User Selected,
Remove,FQS_Account_Person_Dupe,Account,Duplicate Rule,User Selected,
Remove,FQS_Contact_Dupe,Contact,Duplicate Rule,User Selected,
,FQS_Acknowledgement_Stewardship_Tax_Guide,,Flow Definition,FQS_Home_Page_Default,
Remove,FQS_Auto_Category_Gift_Transaction,,Flow Definition,User Selected,
Remove,FQS_Auto_Name_Gift_Commitment,,Flow Definition,User Selected,
Remove,FQS_Auto_Name_Gift_Transaction,,Flow Definition,User Selected,
Remove,FQS_Auto_Name_Opportunity,,Flow Definition,User Selected,
Remove,FQS_Automatic_Rollup_Updates,,Flow Definition,User Selected,
Remove,FQS_Campaign_Auto_Members_Default,,Flow Definition,User Selected,
,FQS_Campaign_Child_Count_Delete,,Flow Definition,FQS_Custom_Fields,
,FQS_Campaign_Child_Count_Update,,Flow Definition,FQS_Custom_Fields,
Remove,FQS_Campaign_Create_First_OSC,,Flow Definition,User Selected,
,FQS_Campaign_Hierarchy_Setup,,Flow Definition,FQS_Custom_Fields | FQS_Home_Page_Default,
Remove,FQS_Campaign_Member_Status_Ladder,,Flow Definition,User Selected,
Remove,FQS_Campaign_Member_Status_On_Commitment,,Flow Definition,User Selected,
Remove,FQS_Campaign_Member_Status_On_Commitment_Delete,,Flow Definition,User Selected,
Remove,FQS_Campaign_Member_Status_On_Gift_Transaction,,Flow Definition,User Selected,
Remove,FQS_Campaign_Member_Status_On_Gift_Transaction_Delete,,Flow Definition,User Selected,
Remove,FQS_Coordinate_Gift_Commitment_Processing,,Flow Definition,User Selected,
,FQS_Create_Gift_Batch,,Flow Definition,FQS_Home_Page_Default,
Remove,FQS_GC_Fulfillment_From_GDD,,Flow Definition,User Selected,
Remove,FQS_GC_Fulfillment_From_GDD_Delete,,Flow Definition,User Selected,
Remove,FQS_GC_Fulfillment_On_Change,,Flow Definition,User Selected,
Remove,FQS_Gift_Acknowledgement,,Flow Definition,User Selected,
,FQS_Guided_Gift_Entry_Account,,Flow Definition,FQS_Guided_Gift_Entry | FQS_Guided_Gift_Entry_GiftCommitment | FQS_Guided_Gift_Entry_Opportunity | FQS_Guided_Gift_Entry_HomePage,
,FQS_Guided_Gift_Entry_GiftCommitment,,Flow Definition,FQS_Pledge_Payment,
,FQS_Guided_Gift_Entry_HomePage,,Flow Definition,FQS_Home_Page_Default,
,FQS_Guided_Gift_Entry_Opportunity,,Flow Definition,FQS_Setup_Commitment,
,FQS_Guided_Gift_Entry_Subflow_Campaign_Designation_Resolver,,Flow Definition,FQS_Guided_Gift_Entry_Account,
,FQS_Guided_Gift_Entry_Subflow_Employer_Match,,Flow Definition,FQS_Guided_Gift_Entry_Account,
,FQS_Guided_Gift_Entry_Subflow_Soft_Credit_Reach,,Flow Definition,FQS_Guided_Gift_Entry_Account,
Remove,FQS_Recalculate_GC_FulfillmentType,,Flow Definition,User Selected,
,FQS_Refund_Gift,,Flow Definition,FQS_Refund_Gift,
,FQS_Refund_Gift_From_Donor,,Flow Definition,FQS_Refund_Donor_Gift,
,FQS_Setup_Stewardship_Response_Settings,,Flow Definition,FQS_Home_Page_Default,
,FQS_Setup_Tier_Thresholds,,Flow Definition,FQS_Home_Page_Default,
Remove,FQS_Stewardship_Response,,Flow Definition,User Selected,
,FQS_Suggest_Designations,,Flow Definition,FQS_Home_Page_Default,
Remove,Acq_Digital_Ads,,FQS Campaign Template,User Selected,
Remove,Acq_P2p_Drive,,FQS Campaign Template,User Selected,
Remove,Acq_Peer_Referral,,FQS Campaign Template,User Selected,
Remove,Acq_Welcome_Series,,FQS Campaign Template,User Selected,
Remove,Evt_Celebration_Invite,,FQS Campaign Template,User Selected,
Remove,Evt_Celebration_Savedate,,FQS Campaign Template,User Selected,
Remove,Evt_Celebration_Sponsor,,FQS Campaign Template,User Selected,
Remove,Evt_Donor_Reception,,FQS Campaign Template,User Selected,
Remove,Evt_Open_House,,FQS Campaign Template,User Selected,
Remove,Fnd_Community_Proposal,,FQS Campaign Template,User Selected,
Remove,Fnd_Corporate_Proposal,,FQS Campaign Template,User Selected,
Remove,Fnd_Corporate_Sponsorship,,FQS Campaign Template,User Selected,
Remove,Fnd_Daf_Outreach,,FQS Campaign Template,User Selected,
Remove,Fnd_Family_Proposals,,FQS Campaign Template,User Selected,
Remove,Pg_Bequest_Society,,FQS Campaign Template,User Selected,
Remove,Pg_Estate_Webinar,,FQS Campaign Template,User Selected,
Remove,Pg_Legacy_Outreach,,FQS Campaign Template,User Selected,
Remove,Prg_Annual_Giving,,FQS Campaign Template,User Selected,
Remove,Prg_Events,,FQS Campaign Template,User Selected,
Remove,Prg_Foundation_Giving,,FQS Campaign Template,User Selected,
Remove,Prg_Major_Gifts,,FQS Campaign Template,User Selected,
Remove,Prg_Online_Giving,,FQS Campaign Template,User Selected,
Remove,Prg_Planned_Giving,,FQS Campaign Template,User Selected,
Remove,Ret_Anniversary_Notes,,FQS Campaign Template,User Selected,
Remove,Ret_Impact_Report,,FQS Campaign Template,User Selected,
Remove,Ret_Lapsed_Last_Chance,,FQS Campaign Template,User Selected,
Remove,Ret_Lapsed_Phone,,FQS Campaign Template,User Selected,
Remove,Ret_Lapsed_Winback,,FQS Campaign Template,User Selected,
Remove,Ret_Second_Gift,,FQS Campaign Template,User Selected,
Remove,Sol_Dec_Reminder_Sms,,FQS Campaign Template,User Selected,
Remove,Sol_Discovery_Visits,,FQS Campaign Template,User Selected,
Remove,Sol_Giving_Tuesday,,FQS Campaign Template,User Selected,
Remove,Sol_Mid_Level_Letter,,FQS Campaign Template,User Selected,
Remove,Sol_Mid_Level_Site_Visit,,FQS Campaign Template,User Selected,
Remove,Sol_Monthly_Sustainer_Lp,,FQS Campaign Template,User Selected,
Remove,Sol_Portfolio_Solicitation,,FQS Campaign Template,User Selected,
Remove,Sol_Spring_Dm,,FQS Campaign Template,User Selected,
Remove,Sol_Spring_Email,,FQS Campaign Template,User Selected,
Remove,Sol_Sustainer_Recruitment,,FQS Campaign Template,User Selected,
Remove,Sol_Yearend_Dm,,FQS Campaign Template,User Selected,
Remove,Str_Annual_Celebration,,FQS Campaign Template,User Selected,
Remove,Str_Foundation_Giving,,FQS Campaign Template,User Selected,
Remove,Str_Lapsed_Reactivation,,FQS Campaign Template,User Selected,
Remove,Str_Mid_Level_Cultivation,,FQS Campaign Template,User Selected,
Remove,Str_Monthly_Sustainer,,FQS Campaign Template,User Selected,
Remove,Str_New_Donor_Acquisition,,FQS Campaign Template,User Selected,
Remove,Str_Retention_Stewardship,,FQS Campaign Template,User Selected,
Remove,Str_Spring_Appeal,,FQS Campaign Template,User Selected,
Remove,Str_Year_Cohort,,FQS Campaign Template,User Selected,
Remove,Str_Year_End_Push,,FQS Campaign Template,User Selected,
,Entry,,FQS Donor Tier,Gift Commitment.Is Entry Commitment | Gift Transaction.Is Entry Gift,
,Major,,FQS Donor Tier,Gift Commitment.Is Major Commitment | Donor Gift Summary.Lifetime Donor Tier Name | Donor Gift Summary.Lifetime Donor Tier | Gift Transaction.Is Major Gift | Donor Gift Summary.Annual Donor Tier Name | Donor Gift Summary.Annual Donor Tier,
,Mid,,FQS Donor Tier,Gift Transaction.Is Mid Gift | Gift Commitment.Is Mid Commitment,
Remove,FQS_Event_Registrations,,Gift Entry Grid Template,User Selected,
Remove,FQS_Individual_Outright_Gifts,,Gift Entry Grid Template,User Selected,
Remove,FQS_Pledge_Payments,,Gift Entry Grid Template,User Selected,
Remove,FQS_Single_Payment_Pledges,,Gift Entry Grid Template,User Selected,
,FQS_Gift_Transaction_Category,,Global Value Set,Gift Entry.Gift Transaction Category,
,FQS_Match_Status,,Global Value Set,Gift Transaction.Match Status | Gift Entry.Match Status,
,FQS_Stewardship_Status,,Global Value Set,Gift Entry.Stewardship Status,
,FQS_Account_Record_Page,,Lightning Page,FQS_Console,
,FQS_Campaign_Record_Page,,Lightning Page,FQS_Console,
,FQS_DonorGiftSummary_Record_Page,,Lightning Page,FQS_Console,
,FQS_GiftBatch_Record_Page,,Lightning Page,FQS_Console,
,FQS_GiftCmtChangeAttrLog_Record_Page,,Lightning Page,FQS_Console,
,FQS_GiftCommitment_Record_Page,,Lightning Page,FQS_Console,
,FQS_GiftCommitmentSchedule_Record_Page,,Lightning Page,FQS_Console,
,FQS_GiftDefaultDesignation_Record_Page,,Lightning Page,FQS_Console,
,FQS_GiftDefaultSoftCredit_Record_Page,,Lightning Page,FQS_Console,
,FQS_GiftDesignation_Record_Page,,Lightning Page,FQS_Console,
,FQS_GiftRefund_Record_Page,,Lightning Page,FQS_Console,
,FQS_GiftSoftCredit_Record_Page,,Lightning Page,FQS_Console,
,FQS_GiftTransaction_Record_Page,,Lightning Page,FQS_Console,
,FQS_GiftTransactionDesignation_Record_Page,,Lightning Page,FQS_Console,
,FQS_GiftTribute_Record_Page,,Lightning Page,FQS_Console,
,FQS_Home_Page_Default,,Lightning Page,FQS_Console,
Remove,FQS_Opportunity_Record_Page,,Lightning Page,User Selected,
,FQS_OutreachSourceCode_Record_Page,,Lightning Page,FQS_Console,
,FQS_OutreachSummary_Record_Page,,Lightning Page,FQS_Console,
,FQS_PaymentInstrument_Record_Page,,Lightning Page,FQS_Console,
,Fundraising_Quick_Start_UtilityBar1,,Lightning Page,FQS_Console,
Remove,Active Designations,GiftDesignation,List View,User Selected,
Remove,Active Fundraising Campaigns,Campaign,List View,User Selected,
Remove,Active Outreach,OutreachSummary,List View,User Selected,
Remove,Active Outreach Codes,OutreachSourceCode,List View,User Selected,
Remove,Active Schedules,GiftCommitmentSchedule,List View,User Selected,
Remove,All Fundraising Campaigns,Campaign,List View,User Selected,
Remove,Annual Giving Campaigns,Campaign,List View,User Selected,
Remove,Awarded Grants,Opportunity,List View,User Selected,
Remove,Bank Debit Instruments,PaymentInstrument,List View,User Selected,
Remove,Completed Refunds,GiftRefund,List View,User Selected,
Remove,Completed Schedules,GiftCommitmentSchedule,List View,User Selected,
Remove,Credit Card Instruments,PaymentInstrument,List View,User Selected,
Remove,Current Year Givers,DonorGiftSummary,List View,User Selected,
Remove,Digital Codes,OutreachSourceCode,List View,User Selected,
Remove,Digital Wallet Instruments,PaymentInstrument,List View,User Selected,
Remove,Direct Mail Codes,OutreachSourceCode,List View,User Selected,
Remove,Downgrades,GiftCmtChangeAttrLog,List View,User Selected,
Remove,Email Codes,OutreachSourceCode,List View,User Selected,
Remove,Event Campaigns,Campaign,List View,User Selected,
Remove,Failed / Canceled — Last 7 Days,GiftTransaction,List View,User Selected,
Remove,Failed Refunds,GiftRefund,List View,User Selected,
Remove,Gift Commitment Defaults,GiftDefaultSoftCredit,List View,User Selected,
Remove,Grant Payments,GiftTransaction,List View,User Selected,
Remove,Grant Payouts,GiftCommitment,List View,User Selected,
Remove,Grants (Open),Opportunity,List View,User Selected,
Remove,Grants Campaigns,Campaign,List View,User Selected,
Remove,Honor Tributes,GiftTribute,List View,User Selected,
Remove,Honoree Credits,GiftSoftCredit,List View,User Selected,
Remove,Household Member Defaults,GiftDefaultSoftCredit,List View,User Selected,
Remove,Inactive Designations,GiftDesignation,List View,User Selected,
Remove,Initiated Refunds,GiftRefund,List View,User Selected,
Remove,Lapsed Recurring — No Gift 60d,GiftCommitment,List View,User Selected,
Remove,Major Donors,DonorGiftSummary,List View,User Selected,
Remove,Major Gifts (Open),Opportunity,List View,User Selected,
Remove,Major Gifts Campaigns,Campaign,List View,User Selected,
Remove,Major Gifts — Closing Next 30,Opportunity,List View,User Selected,
Remove,Major Gifts — Stale 21+ Days,Opportunity,List View,User Selected,
Remove,Matched Donor Credits,GiftSoftCredit,List View,User Selected,
Remove,Matched Donor Defaults,GiftDefaultSoftCredit,List View,User Selected,
Remove,Memorial Tributes,GiftTribute,List View,User Selected,
Remove,My Fundraising Campaigns,Campaign,List View,User Selected,
Remove,No Response,OutreachSummary,List View,User Selected,
Remove,Opportunity Defaults,GiftDefaultSoftCredit,List View,User Selected,
Remove,Outright Gifts,GiftTransaction,List View,User Selected,
,Past Due Installments,GiftCommitment,List View,FQS_Home_Page_Default,
Remove,Paused Commitments,GiftCmtChangeAttrLog,List View,User Selected,
Remove,Pledge Payments,GiftTransaction,List View,User Selected,
Remove,Pledged Gifts,GiftCommitment,List View,User Selected,
Remove,Pledged Major Gifts,Opportunity,List View,User Selected,
Remove,Recurring Donors,DonorGiftSummary,List View,User Selected,
Remove,Recurring Outreach,OutreachSummary,List View,User Selected,
Remove,Soft Credits,GiftSoftCredit,List View,User Selected,
Remove,Solicitor Credits,GiftSoftCredit,List View,User Selected,
,To Be Acknowledged,GiftTransaction,List View,FQS_Home_Page_Default,
,To Be Stewarded,GiftTransaction,List View,FQS_Home_Page_Default,
Remove,Upgrades,GiftCmtChangeAttrLog,List View,User Selected,
,FQS_Account_External_Id_Match,Account,Matching Rule,FQS_Account_Person_Dupe,
,FQS_Account_Organization_Match,Account,Matching Rule,FQS_Account_Organization_Dupe,
,FQS_Contact_Individual_Match,Contact,Matching Rule,FQS_Contact_Dupe,
Remove,FQS Account Layout,Account,Page Layout,User Selected,
Remove,FQS Campaign Layout,Campaign,Page Layout,User Selected,
,FQS Campaign Template Layout,FQS Campaign Template,Page Layout,FQS Campaign Template,
,FQS Donor Tier Layout,FQS Donor Tier,Page Layout,FQS Donor Tier,
Remove,FQS Opportunity Layout,Opportunity,Page Layout,User Selected,
Remove,FQS Person Account Layout,Person Account,Page Layout,User Selected,
Remove,FQS_Campaign_Status,,Path Assistant,User Selected,
Remove,FQS_GiftCommitment_Status,,Path Assistant,User Selected,
Remove,FQS_GiftRefund_Status,,Path Assistant,User Selected,
Remove,FQS_GiftTransaction_Status,,Path Assistant,User Selected,
Remove,FQS_Bypass_Automation,,Permission Set,User Selected,
Remove,FQS_Campaign_Fields,,Permission Set,User Selected,
Remove,FQS_Custom_Fields,,Permission Set,User Selected,
Remove,FQS_Email_Template_Builder_Permission,,Permission Set,User Selected,
Remove,FQS_Naming_Opt_Out,,Permission Set,User Selected,
Remove,FQS_Person_Account_Fields,,Permission Set,User Selected,
Remove,FQS_Record_Type_Access,,Permission Set,User Selected,
,Fundraising,Campaign,Record Type,FQS_Campaign_Status | FQS_Custom_Fields | FQS_Record_Type_Access,
,Grant,Opportunity,Record Type,FQS_Record_Type_Access,
,Major Gift,Opportunity,Record Type,FQS_Record_Type_Access,
,Campaign Record Page Report – Level 1,,Report,FQS_Campaign_Record_Page,
,Campaign Record Page Report – Level 2,,Report,FQS_Campaign_Record_Page,
,Campaign Record Page Report – Level 3+,,Report,FQS_Campaign_Record_Page,
,Designation Record Page Report,,Report,FQS_GiftDesignation_Record_Page,
,FQS Campaign Performance By Depth,,Report,FQS Donor Tiers,
,FQS Major Annual Donors This Year,,Report,FQS Donor Tiers,
,FQS Major Commitments Active,,Report,FQS Donor Tiers,
,FQS Major Gifts This Year,,Report,FQS Donor Tiers,
,FQS Major Lifetime Donors,,Report,FQS Donor Tiers,
,FQS Mid to Major Upgrade Pipeline,,Report,FQS Donor Tiers,
,FQS Stewardship Pipeline,,Report,FQS Donor Tiers,
,FQS Donor Tier Reports,,Report Folder,FQS Major Gifts This Year | FQS Stewardship Pipeline | FQS Major Lifetime Donors | FQS Mid to Major Upgrade Pipeline | FQS Major Commitments Active | FQS Campaign Performance By Depth | FQS Major Annual Donors This Year,
,FQS Record Page Reports,,Report Folder,Designation Record Page Report | Campaign Record Page Report – Level 2 | Campaign Record Page Report – Level 3+ | Campaign Record Page Report – Level 1,
,Value_Matches_Expected,,UI Format Specification Set,FQS_GiftBatch_Record_Page,
